{"cameraMode":{"drawMode":0,"name":"Shaded","section":"Shading Mode"},"sceneLighting":false,"audioPlay":false,"sceneViewState":{"m_AlwaysRefresh":false,"showFog":true,"showSkybox":false,"showFlares":true,"showImageEffects":true,"showParticleSystems":true,"showVisualEffectGraphs":true,"m_FxEnabled":true},"in2DMode":false,"pivot":{"x":29.49886131286621,"y":-0.35838228464126589,"z":2.8914685249328615},"rotation":{"x":0.20476770401000977,"y":-0.7322026491165161,"z":0.24795123934745789,"w":0.6007738709449768},"size":3.123106002807617,"orthographic":false}