{"cameraMode":{"drawMode":0,"name":"Shaded","section":"Shading Mode"},"sceneLighting":false,"audioPlay":false,"sceneViewState":{"m_AlwaysRefresh":false,"showFog":true,"showSkybox":false,"showFlares":true,"showImageEffects":true,"showParticleSystems":true,"showVisualEffectGraphs":true,"m_FxEnabled":true},"in2DMode":false,"pivot":{"x":-0.42392048239707949,"y":0.1945153772830963,"z":0.2803595960140228},"rotation":{"x":-0.033454496413469318,"y":0.6147655844688416,"z":-0.025887783616781236,"w":-0.7876600623130798},"size":0.8660253882408142,"orthographic":false}