{"cameraMode":{"drawMode":0,"name":"Shaded","section":"Shading Mode"},"sceneLighting":false,"audioPlay":false,"sceneViewState":{"m_AlwaysRefresh":false,"showFog":true,"showSkybox":false,"showFlares":true,"showImageEffects":true,"showParticleSystems":true,"showVisualEffectGraphs":true,"m_FxEnabled":true},"in2DMode":false,"pivot":{"x":-0.5361418128013611,"y":2.709933042526245,"z":0.6856784820556641},"rotation":{"x":0.007998884655535221,"y":-0.9881775379180908,"z":0.14659267663955689,"w":0.04859543964266777},"size":2.36602520942688,"orthographic":false}