{"cameraMode":{"drawMode":0,"name":"Shaded","section":"Shading Mode"},"sceneLighting":false,"audioPlay":false,"sceneViewState":{"m_AlwaysRefresh":false,"showFog":true,"showSkybox":false,"showFlares":true,"showImageEffects":true,"showParticleSystems":true,"showVisualEffectGraphs":true,"m_FxEnabled":true},"in2DMode":false,"pivot":{"x":0.6300977468490601,"y":1.4834450483322144,"z":-1.7471646070480347},"rotation":{"x":0.022602425888180734,"y":0.9712271690368652,"z":-0.2146061360836029,"w":0.10076616704463959},"size":2.383445978164673,"orthographic":false}