{"cameraMode":{"drawMode":0,"name":"Shaded","section":"Shading Mode"},"sceneLighting":false,"audioPlay":false,"sceneViewState":{"m_AlwaysRefresh":false,"showFog":true,"showSkybox":false,"showFlares":true,"showImageEffects":true,"showParticleSystems":true,"showVisualEffectGraphs":true,"m_FxEnabled":true},"in2DMode":false,"pivot":{"x":-0.4724169969558716,"y":1.6986464262008668,"z":1.3807331323623658},"rotation":{"x":0.051380887627601626,"y":-0.5433406233787537,"z":0.033734507858753207,"w":0.8372598886489868},"size":2.383445978164673,"orthographic":false}