{"cameraMode":{"drawMode":0,"name":"Shaded","section":"Shading Mode"},"sceneLighting":false,"audioPlay":false,"sceneViewState":{"m_AlwaysRefresh":false,"showFog":true,"showSkybox":false,"showFlares":true,"showImageEffects":true,"showParticleSystems":true,"showVisualEffectGraphs":true,"m_FxEnabled":true},"in2DMode":false,"pivot":{"x":0.06853394955396652,"y":2.7604382038116457,"z":2.0703330039978029},"rotation":{"x":0.010618283413350582,"y":-0.9875627160072327,"z":0.08021581172943115,"w":0.1348055750131607},"size":1.07865571975708,"orthographic":false}