{"cameraMode":{"drawMode":0,"name":"Shaded","section":"Shading Mode"},"sceneLighting":false,"audioPlay":false,"sceneViewState":{"m_AlwaysRefresh":false,"showFog":true,"showSkybox":false,"showFlares":true,"showImageEffects":true,"showParticleSystems":true,"showVisualEffectGraphs":true,"m_FxEnabled":true},"in2DMode":false,"pivot":{"x":17.803329467773439,"y":0.1913081854581833,"z":-10.277386665344239},"rotation":{"x":0.10758745670318604,"y":0.8624388575553894,"z":-0.4494084119796753,"w":0.20709183812141419},"size":2.4300055503845217,"orthographic":false}