{"cameraMode":{"drawMode":0,"name":"Shaded","section":"Shading Mode"},"sceneLighting":false,"audioPlay":false,"sceneViewState":{"m_AlwaysRefresh":false,"showFog":true,"showSkybox":false,"showFlares":true,"showImageEffects":true,"showParticleSystems":true,"showVisualEffectGraphs":true,"m_FxEnabled":true},"in2DMode":false,"pivot":{"x":-0.1801954060792923,"y":0.4696497321128845,"z":0.05162167549133301},"rotation":{"x":0.00918172299861908,"y":0.9355059266090393,"z":-0.3524560332298279,"w":0.02444268949329853},"size":0.7092464566230774,"orthographic":false}