{"cameraMode":{"drawMode":0,"name":"Shaded","section":"Shading Mode"},"sceneLighting":true,"audioPlay":false,"sceneViewState":{"m_AlwaysRefresh":false,"showFog":true,"showSkybox":true,"showFlares":true,"showImageEffects":true,"showParticleSystems":true,"showVisualEffectGraphs":true,"m_FxEnabled":true},"in2DMode":false,"pivot":{"x":-1.1467669010162354,"y":2.6254799365997316,"z":-4.599041938781738},"rotation":{"x":0.18148085474967957,"y":0.09247028827667237,"z":-0.01715368777513504,"w":0.9789270162582398},"size":0.713294506072998,"orthographic":false}