{"cameraMode":{"drawMode":0,"name":"Shaded","section":"Shading Mode"},"sceneLighting":true,"audioPlay":false,"sceneViewState":{"m_AlwaysRefresh":false,"showFog":true,"showSkybox":true,"showFlares":true,"showImageEffects":true,"showParticleSystems":true,"showVisualEffectGraphs":true,"m_FxEnabled":true},"in2DMode":false,"pivot":{"x":20.595108032226564,"y":-0.2800990343093872,"z":-3.1028075218200685},"rotation":{"x":-0.047987375408411029,"y":-0.8027375936508179,"z":0.06553570181131363,"w":-0.5908892750740051},"size":11.943873405456543,"orthographic":false}