{"cameraMode":{"drawMode":0,"name":"Shaded","section":"Shading Mode"},"sceneLighting":true,"audioPlay":false,"sceneViewState":{"m_AlwaysRefresh":false,"showFog":true,"showSkybox":true,"showFlares":true,"showImageEffects":true,"showParticleSystems":true,"showVisualEffectGraphs":true,"m_FxEnabled":true},"in2DMode":false,"pivot":{"x":3.9001924991607668,"y":-14.290592193603516,"z":-3.8895339965820314},"rotation":{"x":-0.29868441820144656,"y":0.003729776944965124,"z":-0.0011803271481767297,"w":-0.9543678164482117},"size":26.019224166870118,"orthographic":false}