{"cameraMode":{"drawMode":0,"name":"Shaded","section":"Shading Mode"},"sceneLighting":true,"audioPlay":false,"sceneViewState":{"m_AlwaysRefresh":false,"showFog":true,"showSkybox":true,"showFlares":true,"showImageEffects":true,"showParticleSystems":true,"showVisualEffectGraphs":true,"m_FxEnabled":true},"in2DMode":false,"pivot":{"x":253.71006774902345,"y":-35.371646881103519,"z":120.63506317138672},"rotation":{"x":-0.07418347150087357,"y":-0.5219476222991943,"z":0.04524838179349899,"w":-0.8485307693481445},"size":155.02633666992188,"orthographic":false}