{"cameraMode":{"drawMode":0,"name":"Shaded","section":"Shading Mode"},"sceneLighting":true,"audioPlay":false,"sceneViewState":{"m_AlwaysRefresh":false,"showFog":true,"showSkybox":true,"showFlares":true,"showImageEffects":true,"showParticleSystems":true,"showVisualEffectGraphs":true,"m_FxEnabled":true},"in2DMode":false,"pivot":{"x":138.89146423339845,"y":36.74346160888672,"z":26.048221588134767},"rotation":{"x":0.03203557804226875,"y":0.6187612414360046,"z":-0.025263654068112375,"w":0.7845383882522583},"size":2.5324313640594484,"orthographic":false}