{"cameraMode":{"drawMode":0,"name":"Shaded","section":"Shading Mode"},"sceneLighting":true,"audioPlay":false,"sceneViewState":{"m_AlwaysRefresh":false,"showFog":true,"showSkybox":true,"showFlares":true,"showImageEffects":true,"showParticleSystems":true,"showVisualEffectGraphs":true,"m_FxEnabled":true},"in2DMode":false,"pivot":{"x":16.360994338989259,"y":11.63988208770752,"z":-14.167577743530274},"rotation":{"x":-0.002655930118635297,"y":0.6703354716300964,"z":0.0010719815036281944,"w":0.7423343658447266},"size":3.5660250186920168,"orthographic":false}