{"cameraMode":{"drawMode":0,"name":"Shaded","section":"Shading Mode"},"sceneLighting":true,"audioPlay":false,"sceneViewState":{"m_AlwaysRefresh":false,"showFog":true,"showSkybox":true,"showFlares":true,"showImageEffects":true,"showParticleSystems":true,"showVisualEffectGraphs":true,"m_FxEnabled":true},"in2DMode":false,"pivot":{"x":4.219815731048584,"y":1.1698153018951417,"z":-11.52497673034668},"rotation":{"x":0.14762194454669953,"y":-0.5062869191169739,"z":0.08820619434118271,"w":0.8451650738716126},"size":0.8660253882408142,"orthographic":false}