{"cameraMode":{"drawMode":0,"name":"Shaded","section":"Shading Mode"},"sceneLighting":false,"audioPlay":false,"sceneViewState":{"m_AlwaysRefresh":false,"showFog":true,"showSkybox":false,"showFlares":true,"showImageEffects":true,"showParticleSystems":true,"showVisualEffectGraphs":true,"m_FxEnabled":true},"in2DMode":false,"pivot":{"x":0.08600687980651856,"y":1.0294008255004883,"z":-2.2963714599609377},"rotation":{"x":0.0527898445725441,"y":0.9471531510353088,"z":-0.21827639639377595,"w":0.22907203435897828},"size":3.635293960571289,"orthographic":false}