{"cameraMode":{"drawMode":0,"name":"Shaded","section":"Shading Mode"},"sceneLighting":false,"audioPlay":false,"sceneViewState":{"m_AlwaysRefresh":false,"showFog":true,"showSkybox":false,"showFlares":true,"showImageEffects":true,"showParticleSystems":true,"showVisualEffectGraphs":true,"m_FxEnabled":true},"in2DMode":false,"pivot":{"x":12.116704940795899,"y":-10.059696197509766,"z":-3.288261890411377},"rotation":{"x":0.09159406274557114,"y":0.9009039402008057,"z":-0.3521285653114319,"w":0.23749946057796479},"size":11.943873405456543,"orthographic":false}