{"cameraMode":{"drawMode":0,"name":"Shaded","section":"Shading Mode"},"sceneLighting":false,"audioPlay":false,"sceneViewState":{"m_AlwaysRefresh":false,"showFog":true,"showSkybox":false,"showFlares":true,"showImageEffects":true,"showParticleSystems":true,"showVisualEffectGraphs":true,"m_FxEnabled":true},"in2DMode":false,"pivot":{"x":10.505074501037598,"y":0.5968774557113648,"z":11.566102981567383},"rotation":{"x":0.15775936841964723,"y":0.10378417372703552,"z":-0.01668144389986992,"w":0.9818825125694275},"size":3.9821412563323976,"orthographic":false}